{
	"def": {
		"slope": 0.0014811446408039856,
		"intercept": 0.09999999999999999
	},
	"mid": {
		"slope": 0.002146387841448217,
		"intercept": 0.09999999999999999
	},
	"fwd": {
		"slope": 0.0032382035217431208,
		"intercept": 0.09999999999999999
	}
}